{"cameraMode":{"drawMode":0,"name":"Shaded","section":"Shading Mode"},"sceneLighting":false,"audioPlay":false,"sceneViewState":{"showFog":true,"showMaterialUpdate":false,"showSkybox":false,"showFlares":true,"showImageEffects":true,"showParticleSystems":true},"in2DMode":false,"pivot":{"x":692.1748657226563,"y":8.10410213470459,"z":481.7838439941406},"rotation":{"x":0.05621558427810669,"y":-0.2743459641933441,"z":0.01606757566332817,"w":0.9598535895347595},"size":8.945982933044434,"orthographic":false}