{"cameraMode":{"drawMode":0,"name":"Shaded","section":"Shading Mode"},"sceneLighting":false,"audioPlay":false,"sceneViewState":{"showFog":true,"showMaterialUpdate":false,"showSkybox":false,"showFlares":true,"showImageEffects":true,"showParticleSystems":true},"in2DMode":false,"pivot":{"x":-0.3174861669540405,"y":1.3502603769302369,"z":0.06003326177597046},"rotation":{"x":0.05314056575298309,"y":-0.7579144239425659,"z":0.0621974803507328,"w":0.647236704826355},"size":1.9332399368286133,"orthographic":false}