{"cameraMode":{"drawMode":0,"name":"Shaded","section":"Shading Mode"},"sceneLighting":false,"audioPlay":false,"sceneViewState":{"showFog":true,"showMaterialUpdate":false,"showSkybox":false,"showFlares":true,"showImageEffects":true,"showParticleSystems":true},"in2DMode":false,"pivot":{"x":-0.051494598388671878,"y":4.157375335693359,"z":0.2070167064666748},"rotation":{"x":0.00020236495765857399,"y":0.9930480718612671,"z":-0.006924664136022329,"w":0.11974669247865677},"size":5.156272888183594,"orthographic":false}