{"cameraMode":{"drawMode":0,"name":"Shaded","section":"Shading Mode"},"sceneLighting":false,"audioPlay":false,"sceneViewState":{"showFog":true,"showMaterialUpdate":false,"showSkybox":false,"showFlares":true,"showImageEffects":true,"showParticleSystems":true},"in2DMode":false,"pivot":{"x":-0.0031080543994903566,"y":0.4063889980316162,"z":0.06473995745182038},"rotation":{"x":0.24750392138957978,"y":0.6694886088371277,"z":-0.2538404166698456,"w":0.6528239250183106},"size":0.8224636912345886,"orthographic":false}