{"cameraMode":{"drawMode":0,"name":"Shaded","section":"Shading Mode"},"sceneLighting":false,"audioPlay":false,"sceneViewState":{"showFog":true,"showMaterialUpdate":false,"showSkybox":false,"showFlares":true,"showImageEffects":true,"showParticleSystems":true},"in2DMode":false,"pivot":{"x":-0.026384949684143068,"y":0.8624441623687744,"z":-0.07491710782051087},"rotation":{"x":-0.018443217501044275,"y":-0.9682319760322571,"z":0.237864688038826,"w":-0.07507988810539246},"size":1.0895862579345704,"orthographic":false}