{"cameraMode":{"drawMode":0,"name":"Shaded","section":"Shading Mode"},"sceneLighting":false,"audioPlay":false,"sceneViewState":{"showFog":true,"showMaterialUpdate":false,"showSkybox":false,"showFlares":true,"showImageEffects":true,"showParticleSystems":true},"in2DMode":false,"pivot":{"x":-0.07084107398986817,"y":2.0638928413391115,"z":-0.907543420791626},"rotation":{"x":0.17071624100208283,"y":-0.2865634858608246,"z":0.05196250230073929,"w":0.9413692355155945},"size":3.195991039276123,"orthographic":false}