{"cameraMode":{"drawMode":0,"name":"Shaded","section":"Shading Mode"},"sceneLighting":false,"audioPlay":false,"sceneViewState":{"showFog":true,"showMaterialUpdate":false,"showSkybox":false,"showFlares":true,"showImageEffects":true,"showParticleSystems":true},"in2DMode":false,"pivot":{"x":-3.0938940048217775,"y":-0.16101384162902833,"z":0.3500751256942749},"rotation":{"x":-0.1478780061006546,"y":0.7010732293128967,"z":-0.15228673815727235,"w":-0.6807668805122376},"size":6.519403457641602,"orthographic":false}