{"cameraMode":{"drawMode":0,"name":"Shaded","section":"Shading Mode"},"sceneLighting":false,"audioPlay":false,"sceneViewState":{"showFog":true,"showMaterialUpdate":false,"showSkybox":false,"showFlares":true,"showImageEffects":true,"showParticleSystems":true},"in2DMode":false,"pivot":{"x":0.7197728157043457,"y":3.9457814693450929,"z":0.1656343936920166},"rotation":{"x":0.0004856310843024403,"y":0.9627230167388916,"z":-0.2704859673976898,"w":0.0017288809176534415},"size":2.9907166957855226,"orthographic":false}