{"cameraMode":{"drawMode":0,"name":"Shaded","section":"Shading Mode"},"sceneLighting":false,"audioPlay":false,"sceneViewState":{"showFog":true,"showMaterialUpdate":false,"showSkybox":false,"showFlares":true,"showImageEffects":true,"showParticleSystems":true},"in2DMode":false,"pivot":{"x":-0.008822441101074219,"y":2.61240291595459,"z":0.27001214027404787},"rotation":{"x":-0.0010086814872920514,"y":0.9967755675315857,"z":-0.08331870287656784,"w":-0.004434174858033657},"size":4.65344762802124,"orthographic":false}