{"cameraMode":{"drawMode":0,"name":"Shaded","section":"Shading Mode"},"sceneLighting":false,"audioPlay":false,"sceneViewState":{"showFog":true,"showMaterialUpdate":false,"showSkybox":false,"showFlares":true,"showImageEffects":true,"showParticleSystems":true},"in2DMode":false,"pivot":{"x":0.026986002922058107,"y":1.3713191747665406,"z":-0.00033658742904663086},"rotation":{"x":0.19745540618896485,"y":0.08370216190814972,"z":-0.0169236958026886,"w":0.9765856862068176},"size":1.7778875827789307,"orthographic":true}