{"cameraMode":{"drawMode":0,"name":"Shaded","section":"Shading Mode"},"sceneLighting":true,"audioPlay":false,"sceneViewState":{"showFog":true,"showMaterialUpdate":false,"showSkybox":true,"showFlares":true,"showImageEffects":true,"showParticleSystems":true},"in2DMode":false,"pivot":{"x":212.2897491455078,"y":26.544178009033204,"z":227.7994384765625},"rotation":{"x":-0.3623979091644287,"y":-0.32429349422454836,"z":0.13612857460975648,"w":-0.8631362318992615},"size":20.111249923706056,"orthographic":false}