{"cameraMode":{"drawMode":0,"name":"Shaded","section":"Shading Mode"},"sceneLighting":false,"audioPlay":false,"sceneViewState":{"showFog":true,"showMaterialUpdate":false,"showSkybox":false,"showFlares":true,"showImageEffects":true,"showParticleSystems":true},"in2DMode":false,"pivot":{"x":-1.206719994544983,"y":1.857421875,"z":-3.464874267578125},"rotation":{"x":0.014045809395611287,"y":0.981407642364502,"z":-0.0790737122297287,"w":0.17432741820812226},"size":8.970183372497559,"orthographic":true}