{"cameraMode":{"drawMode":0,"name":"Shaded","section":"Shading Mode"},"sceneLighting":false,"audioPlay":false,"sceneViewState":{"showFog":true,"showMaterialUpdate":false,"showSkybox":false,"showFlares":true,"showImageEffects":true,"showParticleSystems":true},"in2DMode":false,"pivot":{"x":-0.005239963531494141,"y":1.9432525634765626,"z":-0.008827567100524903},"rotation":{"x":0.13114026188850404,"y":-0.810141921043396,"z":0.19825543463230134,"w":0.5358870029449463},"size":3.180889368057251,"orthographic":true}