{"cameraMode":{"drawMode":0,"name":"Shaded","section":"Shading Mode"},"sceneLighting":false,"audioPlay":false,"sceneViewState":{"showFog":true,"showMaterialUpdate":false,"showSkybox":false,"showFlares":true,"showImageEffects":true,"showParticleSystems":true},"in2DMode":false,"pivot":{"x":-0.033640146255493167,"y":0.6535062193870544,"z":0.014197945594787598},"rotation":{"x":0.009308635257184506,"y":0.9902960658073425,"z":-0.10532799363136292,"w":0.09370715171098709},"size":0.8808750510215759,"orthographic":false}