{"cameraMode":{"drawMode":0,"name":"Shaded","section":"Shading Mode"},"sceneLighting":false,"audioPlay":false,"sceneViewState":{"showFog":true,"showMaterialUpdate":false,"showSkybox":false,"showFlares":true,"showImageEffects":true,"showParticleSystems":true},"in2DMode":false,"pivot":{"x":-0.0033761262893676759,"y":0.22106005251407624,"z":-0.008383989334106446},"rotation":{"x":0.24750392138957978,"y":0.6694886088371277,"z":-0.2538404166698456,"w":0.6528239250183106},"size":0.5557409524917603,"orthographic":false}