{"cameraMode":{"drawMode":0,"name":"Shaded","section":"Shading Mode"},"sceneLighting":true,"audioPlay":false,"sceneViewState":{"showFog":true,"showMaterialUpdate":true,"showSkybox":true,"showFlares":true,"showImageEffects":true,"showParticleSystems":true},"in2DMode":false,"pivot":{"x":147.2402801513672,"y":26.04399871826172,"z":205.10855102539063},"rotation":{"x":0.09986336529254914,"y":0.4860836863517761,"z":-0.056328773498535159,"w":0.8664489984512329},"size":1.6816734075546265,"orthographic":false}