{"cameraMode":{"drawMode":0,"name":"Shaded","section":"Shading Mode"},"sceneLighting":true,"audioPlay":false,"sceneViewState":{"showFog":true,"showMaterialUpdate":false,"showSkybox":false,"showFlares":true,"showImageEffects":true,"showParticleSystems":true},"in2DMode":false,"pivot":{"x":-0.02500009536743164,"y":1.2004985809326172,"z":0.5970001220703125},"rotation":{"x":0.018237926065921785,"y":0.9817948937416077,"z":-0.13935250043869019,"w":0.1282280534505844},"size":3.8646392822265627,"orthographic":false}