{"cameraMode":{"drawMode":0,"name":"Shaded","section":"Shading Mode"},"sceneLighting":false,"audioPlay":false,"sceneViewState":{"showFog":true,"showMaterialUpdate":false,"showSkybox":true,"showFlares":true,"showImageEffects":true,"showParticleSystems":true},"in2DMode":false,"pivot":{"x":615.1888427734375,"y":4.394288063049316,"z":577.2393188476563},"rotation":{"x":-0.026617716997861863,"y":0.627117931842804,"z":0.021448887884616853,"w":0.7781862020492554},"size":8.458248138427735,"orthographic":false}