{"cameraMode":{"drawMode":0,"name":"Shaded","section":"Shading Mode"},"sceneLighting":false,"audioPlay":false,"sceneViewState":{"showFog":true,"showMaterialUpdate":false,"showSkybox":false,"showFlares":true,"showImageEffects":true,"showParticleSystems":true},"in2DMode":false,"pivot":{"x":0.027626991271972657,"y":1.4319305419921876,"z":2.3997485637664797},"rotation":{"x":0.007636461406946182,"y":-0.9899439215660095,"z":0.12841589748859406,"w":0.05887007340788841},"size":5.176392078399658,"orthographic":true}