{"cameraMode":{"drawMode":0,"name":"Shaded","section":"Shading Mode"},"sceneLighting":false,"audioPlay":false,"sceneViewState":{"showFog":true,"showMaterialUpdate":false,"showSkybox":false,"showFlares":true,"showImageEffects":true,"showParticleSystems":true},"in2DMode":false,"pivot":{"x":0.027626991271972657,"y":1.4319305419921876,"z":-1.4157782793045045},"rotation":{"x":-0.02078072726726532,"y":0.9673104882240295,"z":-0.0843690037727356,"w":-0.2382550835609436},"size":6.209817886352539,"orthographic":true}