{"cameraMode":{"drawMode":0,"name":"Shaded","section":"Shading Mode"},"sceneLighting":false,"audioPlay":false,"sceneViewState":{"showFog":true,"showMaterialUpdate":false,"showSkybox":false,"showFlares":true,"showImageEffects":true,"showParticleSystems":true},"in2DMode":false,"pivot":{"x":1.9901163578033448,"y":5.043968200683594,"z":-3.698701858520508},"rotation":{"x":-0.17989622056484223,"y":-0.7318459749221802,"z":0.21155470609664918,"w":-0.6223337054252625},"size":2.508021831512451,"orthographic":false}