{"cameraMode":{"drawMode":0,"name":"Shaded","section":"Shading Mode"},"sceneLighting":false,"audioPlay":false,"sceneViewState":{"showFog":true,"showMaterialUpdate":false,"showSkybox":false,"showFlares":true,"showImageEffects":true,"showParticleSystems":true},"in2DMode":false,"pivot":{"x":-4.76837158203125e-7,"y":2.7429351806640627,"z":0.35839152336120608},"rotation":{"x":0.0028708619065582754,"y":0.9971266388893127,"z":-0.0487961620092392,"w":0.05869129300117493},"size":7.058088779449463,"orthographic":false}