{"cameraMode":{"drawMode":0,"name":"Shaded","section":"Shading Mode"},"sceneLighting":false,"audioPlay":false,"sceneViewState":{"showFog":true,"showMaterialUpdate":false,"showSkybox":false,"showFlares":true,"showImageEffects":true,"showParticleSystems":true},"in2DMode":false,"pivot":{"x":0.04195749759674072,"y":0.7403290867805481,"z":0.12658599019050599},"rotation":{"x":0.2287299484014511,"y":-0.1798514425754547,"z":0.043042030185461047,"w":0.9557668566703796},"size":1.6074756383895875,"orthographic":false}