{"cameraMode":{"drawMode":0,"name":"Shaded","section":"Shading Mode"},"sceneLighting":false,"audioPlay":false,"sceneViewState":{"showFog":true,"showMaterialUpdate":false,"showSkybox":false,"showFlares":true,"showImageEffects":true,"showParticleSystems":true},"in2DMode":false,"pivot":{"x":0.052828311920166019,"y":3.8942885398864748,"z":-0.16314935684204102},"rotation":{"x":0.03756379708647728,"y":-0.23840223252773286,"z":-0.009228273294866085,"w":-0.9703997373580933},"size":7.865146160125732,"orthographic":false}