{"cameraMode":{"drawMode":0,"name":"Shaded","section":"Shading Mode"},"sceneLighting":false,"audioPlay":false,"sceneViewState":{"showFog":true,"showMaterialUpdate":false,"showSkybox":false,"showFlares":true,"showImageEffects":true,"showParticleSystems":true},"in2DMode":false,"pivot":{"x":0.00712275505065918,"y":1.2014864683151246,"z":1.0112624168395997},"rotation":{"x":0.00850006379187107,"y":-0.9644589424133301,"z":0.2622551918029785,"w":0.03125767782330513},"size":3.2182979583740236,"orthographic":true}