{"cameraMode":{"drawMode":0,"name":"Shaded","section":"Shading Mode"},"sceneLighting":false,"audioPlay":false,"sceneViewState":{"showFog":true,"showMaterialUpdate":false,"showSkybox":false,"showFlares":true,"showImageEffects":true,"showParticleSystems":true},"in2DMode":false,"pivot":{"x":-0.03717386722564697,"y":0.944004237651825,"z":0.0035593509674072267},"rotation":{"x":0.009308635257184506,"y":0.9902960658073425,"z":-0.10532799363136292,"w":0.09370715171098709},"size":1.1202725172042847,"orthographic":false}