{"cameraMode":{"drawMode":0,"name":"Shaded","section":"Shading Mode"},"sceneLighting":false,"audioPlay":false,"sceneViewState":{"showFog":true,"showMaterialUpdate":false,"showSkybox":false,"showFlares":true,"showImageEffects":true,"showParticleSystems":true},"in2DMode":false,"pivot":{"x":0.044663429260253909,"y":0.9713191390037537,"z":0.0006802976131439209},"rotation":{"x":0.19745540618896485,"y":0.08370216190814972,"z":-0.0169236958026886,"w":0.9765856862068176},"size":1.49125075340271,"orthographic":true}