{"cameraMode":{"drawMode":0,"name":"Shaded","section":"Shading Mode"},"sceneLighting":false,"audioPlay":false,"sceneViewState":{"showFog":true,"showMaterialUpdate":false,"showSkybox":false,"showFlares":true,"showImageEffects":true,"showParticleSystems":true},"in2DMode":false,"pivot":{"x":0.012904167175292969,"y":2.594766616821289,"z":-0.7792348861694336},"rotation":{"x":0.014596295543015004,"y":0.9636985659599304,"z":-0.05351972207427025,"w":0.2613987922668457},"size":14.34914779663086,"orthographic":false}