{"cameraMode":{"drawMode":0,"name":"Shaded","section":"Shading Mode"},"sceneLighting":false,"audioPlay":false,"sceneViewState":{"showFog":true,"showMaterialUpdate":false,"showSkybox":false,"showFlares":true,"showImageEffects":true,"showParticleSystems":true},"in2DMode":false,"pivot":{"x":-1.0028741359710694,"y":2.1590869426727297,"z":-0.13541078567504884},"rotation":{"x":0.1942726969718933,"y":-0.31160399317741396,"z":0.06524357199668884,"w":0.9278492331504822},"size":2.472888708114624,"orthographic":true}