{"cameraMode":{"drawMode":0,"name":"Shaded","section":"Shading Mode"},"sceneLighting":true,"audioPlay":false,"sceneViewState":{"showFog":true,"showMaterialUpdate":false,"showSkybox":true,"showFlares":true,"showImageEffects":true,"showParticleSystems":true},"in2DMode":false,"pivot":{"x":162.29074096679688,"y":23.951732635498048,"z":156.15943908691407},"rotation":{"x":-0.09882647544145584,"y":0.538372814655304,"z":-0.06379709392786026,"w":-0.8344962000846863},"size":7.242262840270996,"orthographic":false}