{"cameraMode":{"drawMode":0,"name":"Shaded","section":"Shading Mode"},"sceneLighting":false,"audioPlay":false,"sceneViewState":{"showFog":true,"showMaterialUpdate":false,"showSkybox":false,"showFlares":true,"showImageEffects":true,"showParticleSystems":true},"in2DMode":false,"pivot":{"x":-0.17992830276489259,"y":3.7719154357910158,"z":-0.1261749267578125},"rotation":{"x":0.03756379708647728,"y":-0.23840223252773286,"z":-0.009228273294866085,"w":-0.9703997373580933},"size":6.740269660949707,"orthographic":false}