{"cameraMode":{"drawMode":0,"name":"Shaded","section":"Shading Mode"},"sceneLighting":false,"audioPlay":false,"sceneViewState":{"showFog":true,"showMaterialUpdate":false,"showSkybox":false,"showFlares":true,"showImageEffects":true,"showParticleSystems":true},"in2DMode":false,"pivot":{"x":-0.11961197853088379,"y":2.9485979080200197,"z":-0.14196038246154786},"rotation":{"x":0.09644809365272522,"y":0.008957993239164353,"z":-0.000868172908667475,"w":0.9952981472015381},"size":2.2847673892974855,"orthographic":true}