{"cameraMode":{"drawMode":0,"name":"Shaded","section":"Shading Mode"},"sceneLighting":false,"audioPlay":false,"sceneViewState":{"showFog":true,"showMaterialUpdate":false,"showSkybox":false,"showFlares":true,"showImageEffects":true,"showParticleSystems":true},"in2DMode":false,"pivot":{"x":1.302734375,"y":0.523712158203125,"z":-2.31646728515625},"rotation":{"x":0.2200462818145752,"y":0.634097158908844,"z":-0.1951080709695816,"w":0.7151496410369873},"size":4.088962078094482,"orthographic":true}