{"cameraMode":{"drawMode":0,"name":"Shaded","section":"Shading Mode"},"sceneLighting":false,"audioPlay":false,"sceneViewState":{"showFog":true,"showMaterialUpdate":false,"showSkybox":false,"showFlares":true,"showImageEffects":true,"showParticleSystems":true},"in2DMode":false,"pivot":{"x":-0.14595270156860352,"y":3.438270092010498,"z":-0.33495187759399416},"rotation":{"x":0.024899745360016824,"y":-0.0026316421572118999,"z":0.00022964473464526236,"w":0.999846875667572},"size":6.153850555419922,"orthographic":true}