{"cameraMode":{"drawMode":0,"name":"Shaded","section":"Shading Mode"},"sceneLighting":false,"audioPlay":false,"sceneViewState":{"showFog":true,"showMaterialUpdate":false,"showSkybox":false,"showFlares":true,"showImageEffects":true,"showParticleSystems":true},"in2DMode":false,"pivot":{"x":-0.04762113094329834,"y":0.4778960943222046,"z":-0.011341899633407593},"rotation":{"x":0.16972234845161439,"y":-0.5410144925117493,"z":0.11227504163980484,"w":0.8162086606025696},"size":1.7295693159103394,"orthographic":false}