{"cameraMode":{"drawMode":0,"name":"Shaded","section":"Shading Mode"},"sceneLighting":false,"audioPlay":false,"sceneViewState":{"showFog":true,"showMaterialUpdate":false,"showSkybox":false,"showFlares":true,"showImageEffects":true,"showParticleSystems":true},"in2DMode":false,"pivot":{"x":0.14314746856689454,"y":0.0012006862089037896,"z":-0.1054227352142334},"rotation":{"x":-0.20482024550437928,"y":-0.2794480621814728,"z":0.061112694442272189,"w":-0.9361004829406738},"size":1.620106816291809,"orthographic":false}