{"cameraMode":{"drawMode":0,"name":"Shaded","section":"Shading Mode"},"sceneLighting":false,"audioPlay":false,"sceneViewState":{"showFog":true,"showMaterialUpdate":false,"showSkybox":false,"showFlares":true,"showImageEffects":true,"showParticleSystems":true},"in2DMode":false,"pivot":{"x":0.09500789642333985,"y":4.394288063049316,"z":-0.04138469696044922},"rotation":{"x":-0.10044032335281372,"y":-0.6864266991615295,"z":0.09660029411315918,"w":-0.7137265205383301},"size":8.458259582519532,"orthographic":false}