{"cameraMode":{"drawMode":0,"name":"Shaded","section":"Shading Mode"},"sceneLighting":false,"audioPlay":false,"sceneViewState":{"showFog":true,"showMaterialUpdate":false,"showSkybox":false,"showFlares":true,"showImageEffects":true,"showParticleSystems":true},"in2DMode":false,"pivot":{"x":-0.02559053897857666,"y":0.9808703064918518,"z":-0.06420117616653443},"rotation":{"x":-0.0032375159207731487,"y":-0.9928616285324097,"z":0.11609217524528504,"w":-0.027696246281266214},"size":1.325851559638977,"orthographic":false}