{"cameraMode":{"drawMode":0,"name":"Shaded","section":"Shading Mode"},"sceneLighting":false,"audioPlay":false,"sceneViewState":{"showFog":true,"showMaterialUpdate":false,"showSkybox":false,"showFlares":true,"showImageEffects":true,"showParticleSystems":true},"in2DMode":false,"pivot":{"x":-0.016870975494384767,"y":0.4001450538635254,"z":0.0016582012176513672},"rotation":{"x":0.20328456163406373,"y":0.6823937892913818,"z":-0.2078479677438736,"w":0.671135425567627},"size":0.8499396443367004,"orthographic":false}