{"cameraMode":{"drawMode":0,"name":"Shaded","section":"Shading Mode"},"sceneLighting":false,"audioPlay":false,"sceneViewState":{"showFog":true,"showMaterialUpdate":false,"showSkybox":false,"showFlares":true,"showImageEffects":true,"showParticleSystems":true},"in2DMode":false,"pivot":{"x":0.059679508209228519,"y":2.612225294113159,"z":-1.2196118831634522},"rotation":{"x":-0.008097393438220024,"y":0.9849599599838257,"z":-0.04365390166640282,"w":-0.1685422658920288},"size":4.9514875411987309,"orthographic":false}