{"cameraMode":{"drawMode":0,"name":"Shaded","section":"Shading Mode"},"sceneLighting":false,"audioPlay":false,"sceneViewState":{"showFog":true,"showMaterialUpdate":false,"showSkybox":false,"showFlares":true,"showImageEffects":true,"showParticleSystems":true},"in2DMode":false,"pivot":{"x":-0.6246581077575684,"y":3.9365243911743166,"z":-0.0882565975189209},"rotation":{"x":0.16148273646831513,"y":0.7041451334953308,"z":-0.1696299910545349,"w":0.6703236699104309},"size":4.620574951171875,"orthographic":false}