{"cameraMode":{"drawMode":0,"name":"Shaded","section":"Shading Mode"},"sceneLighting":false,"audioPlay":false,"sceneViewState":{"showFog":true,"showMaterialUpdate":false,"showSkybox":false,"showFlares":true,"showImageEffects":true,"showParticleSystems":true},"in2DMode":false,"pivot":{"x":703.417236328125,"y":10.736000061035157,"z":485.5954284667969},"rotation":{"x":0.08005553483963013,"y":-0.8791503310203552,"z":0.4420459568500519,"w":0.15916110575199128},"size":4.758303642272949,"orthographic":false}