{"cameraMode":{"drawMode":0,"name":"Shaded","section":"Shading Mode"},"sceneLighting":false,"audioPlay":false,"sceneViewState":{"showFog":true,"showMaterialUpdate":false,"showSkybox":false,"showFlares":true,"showImageEffects":true,"showParticleSystems":true},"in2DMode":false,"pivot":{"x":-3.658992052078247,"y":1.1595910787582398,"z":-3.0962324142456056},"rotation":{"x":0.029974911361932756,"y":-0.03747554123401642,"z":0.0011264863424003125,"w":0.9988652467727661},"size":2.82197642326355,"orthographic":false}