{"cameraMode":{"drawMode":0,"name":"Shaded","section":"Shading Mode"},"sceneLighting":false,"audioPlay":false,"sceneViewState":{"showFog":true,"showMaterialUpdate":false,"showSkybox":false,"showFlares":true,"showImageEffects":true,"showParticleSystems":true},"in2DMode":false,"pivot":{"x":-0.0002899169921875,"y":38.85398864746094,"z":-1.8774871826171876},"rotation":{"x":-0.11593949049711228,"y":-0.062044255435466769,"z":0.00712960958480835,"w":-0.9914811253547669},"size":122.31645965576172,"orthographic":false}