{"cameraMode":{"drawMode":0,"name":"Shaded","section":"Shading Mode"},"sceneLighting":false,"audioPlay":false,"sceneViewState":{"showFog":true,"showMaterialUpdate":false,"showSkybox":false,"showFlares":true,"showImageEffects":true,"showParticleSystems":true},"in2DMode":false,"pivot":{"x":-0.9025323987007141,"y":3.951460838317871,"z":-8.247491836547852},"rotation":{"x":0.19100184738636018,"y":0.6639240980148315,"z":-0.1811734139919281,"w":0.6999353170394898},"size":6.874786853790283,"orthographic":false}