{"cameraMode":{"drawMode":0,"name":"Shaded","section":"Shading Mode"},"sceneLighting":false,"audioPlay":false,"sceneViewState":{"showFog":true,"showMaterialUpdate":false,"showSkybox":false,"showFlares":true,"showImageEffects":true,"showParticleSystems":true},"in2DMode":false,"pivot":{"x":34.782596588134769,"y":11.094645500183106,"z":207.34925842285157},"rotation":{"x":-0.008943886496126652,"y":-0.11136587709188461,"z":-0.0010023163631558419,"w":0.9937396049499512},"size":7.3538103103637699,"orthographic":false}