{"cameraMode":{"drawMode":0,"name":"Shaded","section":"Shading Mode"},"sceneLighting":false,"audioPlay":false,"sceneViewState":{"showFog":true,"showMaterialUpdate":false,"showSkybox":false,"showFlares":true,"showImageEffects":true,"showParticleSystems":true},"in2DMode":false,"pivot":{"x":-0.03393137454986572,"y":0.4481087923049927,"z":1.427838921546936},"rotation":{"x":-0.12088707834482193,"y":-0.7902350425720215,"z":0.16550302505493165,"w":-0.5776467323303223},"size":1.9459248781204224,"orthographic":false}