{"cameraMode":{"drawMode":0,"name":"Shaded","section":"Shading Mode"},"sceneLighting":false,"audioPlay":false,"sceneViewState":{"showFog":true,"showMaterialUpdate":false,"showSkybox":false,"showFlares":true,"showImageEffects":true,"showParticleSystems":true},"in2DMode":false,"pivot":{"x":-5.000000476837158,"y":-0.5,"z":-4.999998569488525},"rotation":{"x":0.02213122323155403,"y":0.38784584403038027,"z":-0.009282663464546204,"w":0.9214613437652588},"size":7.088724136352539,"orthographic":false}