{"cameraMode":{"drawMode":0,"name":"Shaded","section":"Shading Mode"},"sceneLighting":false,"audioPlay":false,"sceneViewState":{"showFog":true,"showMaterialUpdate":false,"showSkybox":false,"showFlares":true,"showImageEffects":true,"showParticleSystems":true},"in2DMode":false,"pivot":{"x":-0.5173653960227966,"y":1.0682876110076905,"z":-0.8266209363937378},"rotation":{"x":0.002175708068534732,"y":0.9972837567329407,"z":0.065916508436203,"w":-0.032922275364398959},"size":5.197380542755127,"orthographic":false}