{"cameraMode":{"drawMode":0,"name":"Shaded","section":"Shading Mode"},"sceneLighting":false,"audioPlay":false,"sceneViewState":{"showFog":true,"showMaterialUpdate":false,"showSkybox":false,"showFlares":true,"showImageEffects":true,"showParticleSystems":true},"in2DMode":false,"pivot":{"x":-0.5291366577148438,"y":3.2245078086853029,"z":0.0009503364562988281},"rotation":{"x":0.22682324051856996,"y":-0.0302644744515419,"z":0.007314777001738548,"w":0.9735992550849915},"size":6.505117416381836,"orthographic":false}