{"cameraMode":{"drawMode":0,"name":"Shaded","section":"Shading Mode"},"sceneLighting":false,"audioPlay":false,"sceneViewState":{"showFog":true,"showMaterialUpdate":false,"showSkybox":false,"showFlares":true,"showImageEffects":true,"showParticleSystems":true},"in2DMode":false,"pivot":{"x":0.0059500932693481449,"y":0.010074973106384278,"z":0.09148454666137696},"rotation":{"x":0.10486239939928055,"y":0.7267346978187561,"z":-0.11384455859661102,"w":0.6693158149719238},"size":0.828545331954956,"orthographic":true}