{"cameraMode":{"drawMode":0,"name":"Shaded","section":"Shading Mode"},"sceneLighting":false,"audioPlay":false,"sceneViewState":{"showFog":true,"showMaterialUpdate":false,"showSkybox":false,"showFlares":true,"showImageEffects":true,"showParticleSystems":true},"in2DMode":false,"pivot":{"x":0.00712275505065918,"y":1.2014864683151246,"z":1.0112624168395997},"rotation":{"x":0.06295731663703919,"y":-0.0068840570747852329,"z":0.0004326379275880754,"w":0.9979984164237976},"size":3.2182979583740236,"orthographic":true}