{"cameraMode":{"drawMode":0,"name":"Shaded","section":"Shading Mode"},"sceneLighting":false,"audioPlay":false,"sceneViewState":{"showFog":true,"showMaterialUpdate":false,"showSkybox":false,"showFlares":true,"showImageEffects":true,"showParticleSystems":true},"in2DMode":false,"pivot":{"x":0.030037641525268556,"y":-0.005507975816726685,"z":-0.002262115478515625},"rotation":{"x":-0.20482024550437928,"y":-0.2794480621814728,"z":0.061112694442272189,"w":-0.9361004829406738},"size":1.745205283164978,"orthographic":false}