{"cameraMode":{"drawMode":0,"name":"Shaded","section":"Shading Mode"},"sceneLighting":false,"audioPlay":false,"sceneViewState":{"showFog":true,"showMaterialUpdate":false,"showSkybox":false,"showFlares":true,"showImageEffects":true,"showParticleSystems":true},"in2DMode":false,"pivot":{"x":0.026198893785476686,"y":1.2213189601898194,"z":0.002541780471801758},"rotation":{"x":0.12730900943279267,"y":0.7228258848190308,"z":-0.13945114612579347,"w":0.6652184128761292},"size":1.5900170803070069,"orthographic":false}