{"cameraMode":{"drawMode":0,"name":"Shaded","section":"Shading Mode"},"sceneLighting":false,"audioPlay":false,"sceneViewState":{"showFog":true,"showMaterialUpdate":false,"showSkybox":false,"showFlares":true,"showImageEffects":true,"showParticleSystems":true},"in2DMode":false,"pivot":{"x":0.24571681022644044,"y":-0.35223984718322756,"z":-1.454787254333496},"rotation":{"x":0.11995821446180344,"y":0.3468835651874542,"z":-0.04478848725557327,"w":0.9291352033615112},"size":8.933837890625,"orthographic":false}