{"cameraMode":{"drawMode":0,"name":"Shaded","section":"Shading Mode"},"sceneLighting":false,"audioPlay":false,"sceneViewState":{"showFog":true,"showMaterialUpdate":false,"showSkybox":false,"showFlares":true,"showImageEffects":true,"showParticleSystems":true},"in2DMode":false,"pivot":{"x":0.0049419403076171879,"y":1.3713191747665406,"z":-0.00018171966075897217},"rotation":{"x":0.09259073436260224,"y":0.5809679627418518,"z":-0.06767638772726059,"w":0.8062065839767456},"size":1.5994340181350709,"orthographic":false}