{"cameraMode":{"drawMode":0,"name":"Shaded","section":"Shading Mode"},"sceneLighting":false,"audioPlay":false,"sceneViewState":{"showFog":true,"showMaterialUpdate":false,"showSkybox":false,"showFlares":true,"showImageEffects":true,"showParticleSystems":true},"in2DMode":false,"pivot":{"x":0.005954742431640625,"y":1.5155564546585084,"z":-0.0621037483215332},"rotation":{"x":0.0005209865048527718,"y":0.997668445110321,"z":-0.017409414052963258,"w":0.07036135345697403},"size":3.5444228649139406,"orthographic":false}