{"cameraMode":{"drawMode":0,"name":"Shaded","section":"Shading Mode"},"sceneLighting":false,"audioPlay":false,"sceneViewState":{"showFog":true,"showMaterialUpdate":false,"showSkybox":false,"showFlares":true,"showImageEffects":true,"showParticleSystems":true},"in2DMode":false,"pivot":{"x":-0.0018973350524902344,"y":3.2411036491394045,"z":-0.2566390037536621},"rotation":{"x":0.03756379708647728,"y":-0.23840223252773286,"z":-0.009228273294866085,"w":-0.9703997373580933},"size":7.4298319816589359,"orthographic":false}