{"cameraMode":{"drawMode":0,"name":"Shaded","section":"Shading Mode"},"sceneLighting":false,"audioPlay":false,"sceneViewState":{"showFog":true,"showMaterialUpdate":false,"showSkybox":false,"showFlares":true,"showImageEffects":true,"showParticleSystems":true},"in2DMode":false,"pivot":{"x":1.4716410636901856,"y":3.741103172302246,"z":-4.602677345275879},"rotation":{"x":0.0028708619065582754,"y":0.9971266388893127,"z":-0.0487961620092392,"w":0.05869129300117493},"size":9.073285102844239,"orthographic":false}