{"cameraMode":{"drawMode":0,"name":"Shaded","section":"Shading Mode"},"sceneLighting":false,"audioPlay":false,"sceneViewState":{"showFog":true,"showMaterialUpdate":false,"showSkybox":false,"showFlares":true,"showImageEffects":true,"showParticleSystems":true},"in2DMode":false,"pivot":{"x":-1.1580421924591065,"y":0.7403290271759033,"z":-0.9874520301818848},"rotation":{"x":-0.21491527557373048,"y":-0.45232200622558596,"z":0.11328141391277313,"w":-0.8581315875053406},"size":2.143717050552368,"orthographic":false}