{"cameraMode":{"drawMode":0,"name":"Shaded","section":"Shading Mode"},"sceneLighting":false,"audioPlay":false,"sceneViewState":{"showFog":true,"showMaterialUpdate":false,"showSkybox":false,"showFlares":true,"showImageEffects":true,"showParticleSystems":true},"in2DMode":false,"pivot":{"x":-0.05663704872131348,"y":1.970022201538086,"z":-0.9676634073257446},"rotation":{"x":0.17071624100208283,"y":-0.2865634858608246,"z":0.05196250230073929,"w":0.9413692355155945},"size":3.201612949371338,"orthographic":false}