{"cameraMode":{"drawMode":0,"name":"Shaded","section":"Shading Mode"},"sceneLighting":false,"audioPlay":false,"sceneViewState":{"showFog":true,"showMaterialUpdate":false,"showSkybox":false,"showFlares":true,"showImageEffects":true,"showParticleSystems":true},"in2DMode":false,"pivot":{"x":812.65869140625,"y":35.3228759765625,"z":462.6240234375},"rotation":{"x":0.032050322741270068,"y":0.1449122428894043,"z":-0.004696423653513193,"w":0.988921582698822},"size":3.4342193603515627,"orthographic":true}