{"cameraMode":{"drawMode":0,"name":"Shaded","section":"Shading Mode"},"sceneLighting":false,"audioPlay":false,"sceneViewState":{"showFog":true,"showMaterialUpdate":false,"showSkybox":false,"showFlares":true,"showImageEffects":true,"showParticleSystems":true},"in2DMode":false,"pivot":{"x":-1.009178638458252,"y":2.359877586364746,"z":0.06359776854515076},"rotation":{"x":-0.4418259263038635,"y":0.30517733097076418,"z":-0.16220642626285554,"w":-0.8281767964363098},"size":2.6282777786254885,"orthographic":false}