{"cameraMode":{"drawMode":0,"name":"Shaded","section":"Shading Mode"},"sceneLighting":false,"audioPlay":false,"sceneViewState":{"showFog":true,"showMaterialUpdate":false,"showSkybox":false,"showFlares":true,"showImageEffects":true,"showParticleSystems":true},"in2DMode":false,"pivot":{"x":-0.34079551696777346,"y":1.2753400802612305,"z":0.4416542053222656},"rotation":{"x":-0.028648488223552705,"y":0.8771313428878784,"z":0.05267931520938873,"w":0.4765543043613434},"size":9.189568519592286,"orthographic":false}