{"cameraMode":{"drawMode":0,"name":"Shaded","section":"Shading Mode"},"sceneLighting":false,"audioPlay":false,"sceneViewState":{"showFog":true,"showMaterialUpdate":false,"showSkybox":false,"showFlares":true,"showImageEffects":true,"showParticleSystems":true},"in2DMode":false,"pivot":{"x":0.02475118637084961,"y":0.5376152992248535,"z":0.3351137638092041},"rotation":{"x":0.16972234845161439,"y":-0.5410144925117493,"z":0.11227504163980484,"w":0.8162086606025696},"size":1.65407395362854,"orthographic":false}