{"cameraMode":{"drawMode":0,"name":"Shaded","section":"Shading Mode"},"sceneLighting":false,"audioPlay":false,"sceneViewState":{"showFog":true,"showMaterialUpdate":false,"showSkybox":false,"showFlares":true,"showImageEffects":true,"showParticleSystems":true},"in2DMode":false,"pivot":{"x":0.1274493932723999,"y":0.44544336199760439,"z":0.00863504409790039},"rotation":{"x":0.16972234845161439,"y":-0.5410144925117493,"z":0.11227504163980484,"w":0.8162086606025696},"size":1.4362971782684327,"orthographic":false}