{"cameraMode":{"drawMode":0,"name":"Shaded","section":"Shading Mode"},"sceneLighting":false,"audioPlay":false,"sceneViewState":{"showFog":true,"showMaterialUpdate":false,"showSkybox":false,"showFlares":true,"showImageEffects":true,"showParticleSystems":true},"in2DMode":false,"pivot":{"x":0.0,"y":0.6058343648910523,"z":0.027749359607696534},"rotation":{"x":0.044457804411649707,"y":0.9249981045722961,"z":-0.11435206234455109,"w":0.35962027311325076},"size":0.6977295279502869,"orthographic":true}