{"cameraMode":{"drawMode":0,"name":"Shaded","section":"Shading Mode"},"sceneLighting":false,"audioPlay":false,"sceneViewState":{"showFog":true,"showMaterialUpdate":false,"showSkybox":false,"showFlares":true,"showImageEffects":true,"showParticleSystems":true},"in2DMode":false,"pivot":{"x":-0.03393137454986572,"y":0.4481087923049927,"z":1.427838921546936},"rotation":{"x":0.07504300773143769,"y":-0.8251020312309265,"z":0.11280952394008637,"w":0.5486288666725159},"size":1.9459248781204224,"orthographic":false}