{"cameraMode":{"drawMode":0,"name":"Shaded","section":"Shading Mode"},"sceneLighting":true,"audioPlay":false,"sceneViewState":{"showFog":true,"showMaterialUpdate":false,"showSkybox":false,"showFlares":true,"showImageEffects":true,"showParticleSystems":true},"in2DMode":false,"pivot":{"x":-0.01849985122680664,"y":-0.039832115173339847,"z":-0.0279998779296875},"rotation":{"x":0.030307620763778688,"y":0.9430439472198486,"z":-0.08936528116464615,"w":0.319196879863739},"size":11.278369903564454,"orthographic":false}