{"cameraMode":{"drawMode":0,"name":"Shaded","section":"Shading Mode"},"sceneLighting":false,"audioPlay":false,"sceneViewState":{"showFog":true,"showMaterialUpdate":false,"showSkybox":false,"showFlares":true,"showImageEffects":true,"showParticleSystems":true},"in2DMode":false,"pivot":{"x":-2.1483559608459474,"y":1.0412709712982178,"z":-1.9135639667510987},"rotation":{"x":-0.12997615337371827,"y":0.5638683438301086,"z":-0.09041757136583328,"w":-0.8105540871620178},"size":2.2605483531951906,"orthographic":false}