{"cameraMode":{"drawMode":0,"name":"Shaded","section":"Shading Mode"},"sceneLighting":false,"audioPlay":false,"sceneViewState":{"showFog":true,"showMaterialUpdate":false,"showSkybox":false,"showFlares":true,"showImageEffects":true,"showParticleSystems":true},"in2DMode":false,"pivot":{"x":0.057886481285095218,"y":1.333795428276062,"z":-1.140560507774353},"rotation":{"x":0.17071624100208283,"y":-0.2865634858608246,"z":0.05196250230073929,"w":0.9413692355155945},"size":2.3459386825561525,"orthographic":false}