{"cameraMode":{"drawMode":0,"name":"Shaded","section":"Shading Mode"},"sceneLighting":false,"audioPlay":false,"sceneViewState":{"showFog":true,"showMaterialUpdate":false,"showSkybox":false,"showFlares":true,"showImageEffects":true,"showParticleSystems":true},"in2DMode":false,"pivot":{"x":0.2764744758605957,"y":4.066669940948486,"z":-0.11293911933898926},"rotation":{"x":0.02997022122144699,"y":-0.5826714634895325,"z":0.021509330719709398,"w":0.8118709325790405},"size":4.801324844360352,"orthographic":false}