{"cameraMode":{"drawMode":0,"name":"Shaded","section":"Shading Mode"},"sceneLighting":true,"audioPlay":false,"sceneViewState":{"showFog":true,"showMaterialUpdate":false,"showSkybox":true,"showFlares":true,"showImageEffects":true,"showParticleSystems":true},"in2DMode":false,"pivot":{"x":316.03009033203127,"y":24.190000534057618,"z":230.56130981445313},"rotation":{"x":-0.04191657155752182,"y":-0.05811953917145729,"z":0.002442443510517478,"w":-0.997426450252533},"size":2.265758991241455,"orthographic":false}