{"cameraMode":{"drawMode":0,"name":"Shaded","section":"Shading Mode"},"sceneLighting":false,"audioPlay":false,"sceneViewState":{"showFog":true,"showMaterialUpdate":false,"showSkybox":false,"showFlares":true,"showImageEffects":true,"showParticleSystems":true},"in2DMode":false,"pivot":{"x":0.6907804012298584,"y":0.97119140625,"z":0.2231922447681427},"rotation":{"x":0.01859630085527897,"y":-0.022494226694107057,"z":0.00041849928675219417,"w":0.9995747208595276},"size":4.205870151519775,"orthographic":true}