{"cameraMode":{"drawMode":0,"name":"Shaded","section":"Shading Mode"},"sceneLighting":false,"audioPlay":false,"sceneViewState":{"showFog":true,"showMaterialUpdate":false,"showSkybox":false,"showFlares":true,"showImageEffects":true,"showParticleSystems":true},"in2DMode":false,"pivot":{"x":0.7767071723937988,"y":-0.08242964744567871,"z":-2.671983242034912},"rotation":{"x":0.11442054063081742,"y":0.8368425965309143,"z":-0.19153305888175965,"w":0.4999241828918457},"size":9.64907169342041,"orthographic":false}