{"cameraMode":{"drawMode":0,"name":"Shaded","section":"Shading Mode"},"sceneLighting":false,"audioPlay":false,"sceneViewState":{"showFog":true,"showMaterialUpdate":false,"showSkybox":false,"showFlares":true,"showImageEffects":true,"showParticleSystems":true},"in2DMode":false,"pivot":{"x":-0.05161476135253906,"y":-0.6143876314163208,"z":-0.9240925312042236},"rotation":{"x":-0.06537031382322312,"y":-0.933393657207489,"z":0.22337660193443299,"w":-0.273162305355072},"size":9.4890718460083,"orthographic":false}