{"cameraMode":{"drawMode":0,"name":"Shaded","section":"Shading Mode"},"sceneLighting":false,"audioPlay":false,"sceneViewState":{"showFog":true,"showMaterialUpdate":false,"showSkybox":false,"showFlares":true,"showImageEffects":true,"showParticleSystems":true},"in2DMode":false,"pivot":{"x":0.19260601699352265,"y":1.3167595863342286,"z":-2.895796298980713},"rotation":{"x":0.016041958704590799,"y":-0.8261898159980774,"z":0.023552047088742257,"w":0.5626803040504456},"size":6.003900051116943,"orthographic":false}