{"cameraMode":{"drawMode":0,"name":"Shaded","section":"Shading Mode"},"sceneLighting":false,"audioPlay":false,"sceneViewState":{"showFog":true,"showMaterialUpdate":false,"showSkybox":false,"showFlares":true,"showImageEffects":true,"showParticleSystems":true},"in2DMode":false,"pivot":{"x":0.3129160404205322,"y":6.04866361618042,"z":-0.3200714588165283},"rotation":{"x":0.13357889652252198,"y":-0.4990156888961792,"z":0.07817666232585907,"w":0.8526608347892761},"size":6.514580726623535,"orthographic":false}