{"cameraMode":{"drawMode":0,"name":"Shaded","section":"Shading Mode"},"sceneLighting":false,"audioPlay":false,"sceneViewState":{"showFog":true,"showMaterialUpdate":false,"showSkybox":true,"showFlares":true,"showImageEffects":true,"showParticleSystems":true},"in2DMode":false,"pivot":{"x":334.0805969238281,"y":0.2556343078613281,"z":277.8570556640625},"rotation":{"x":0.2071155309677124,"y":-0.2260105311870575,"z":0.049222178757190707,"w":0.9506949782371521},"size":30.969972610473634,"orthographic":false}