{"cameraMode":{"drawMode":0,"name":"Shaded","section":"Shading Mode"},"sceneLighting":false,"audioPlay":false,"sceneViewState":{"showFog":true,"showMaterialUpdate":false,"showSkybox":false,"showFlares":true,"showImageEffects":true,"showParticleSystems":true},"in2DMode":false,"pivot":{"x":-0.001526176929473877,"y":0.22301727533340455,"z":-0.019903182983398439},"rotation":{"x":0.035437069833278659,"y":0.6347374320030212,"z":-0.0291461031883955,"w":0.7714154124259949},"size":0.5621195435523987,"orthographic":false}