{"cameraMode":{"drawMode":0,"name":"Shaded","section":"Shading Mode"},"sceneLighting":false,"audioPlay":false,"sceneViewState":{"showFog":true,"showMaterialUpdate":false,"showSkybox":false,"showFlares":true,"showImageEffects":true,"showParticleSystems":true},"in2DMode":false,"pivot":{"x":0.00007486343383789063,"y":3.880277156829834,"z":-1.5908318758010865},"rotation":{"x":-0.035537946969270709,"y":0.37769731879234316,"z":-0.014521030709147454,"w":-0.9251875877380371},"size":6.560844421386719,"orthographic":false}